"DESCRIPTION","DURATION IN MS","NAME","PARENT SUITE","START TIME","STATUS","STOP TIME","SUB SUITE","SUITE","TEST CLASS","TEST METHOD"
"","9148","GLOBAL | main page | footer | socialMediaBar | twitterIcon","chromium-SCB-zh-hans-unregistered","2026-07-06","passed","2026-07-06","","cta/generated.cta.spec.js","",""
"","8792","GLOBAL | main page | footer | socialMediaBar | tiktokIcon","chromium-SCB-zh-hans-unregistered","2026-07-06","passed","2026-07-06","","cta/generated.cta.spec.js","",""
"","8883","GLOBAL | main page | footer | riskWarningBlock | complaintsProcedureLink","chromium-SCB-zh-hans-unregistered","2026-07-06","passed","2026-07-06","","cta/generated.cta.spec.js","",""
"","8299","GLOBAL | main page | footer | socialMediaBar | facebookIcon","chromium-SCB-zh-hans-unregistered","2026-07-06","passed","2026-07-06","","cta/generated.cta.spec.js","",""
"","9392","GLOBAL | main page | footer | riskWarningBlock | termsAndPoliciesLink","chromium-SCB-zh-hans-unregistered","2026-07-06","passed","2026-07-06","","cta/generated.cta.spec.js","",""
"","8862","GLOBAL | main page | footer | socialMediaBar | getGooglePlayBtn","chromium-SCB-zh-hans-unregistered","2026-07-06","passed","2026-07-06","","cta/generated.cta.spec.js","",""
"","9084","GLOBAL | main page | footer | socialMediaBar | redditIcon","chromium-SCB-zh-hans-unregistered","2026-07-06","passed","2026-07-06","","cta/generated.cta.spec.js","",""
"","8811","GLOBAL | main page | footer | regionalSettingsModalWindow | countrySwitcherBtn","chromium-SCB-zh-hans-unregistered","2026-07-06","passed","2026-07-06","","cta/generated.cta.spec.js","",""
"","8806","GLOBAL | main page | footer | socialMediaBar | linkedinIcon","chromium-SCB-zh-hans-unregistered","2026-07-06","passed","2026-07-06","","cta/generated.cta.spec.js","",""
"","8975","GLOBAL | main page | footer | riskWarningBlock | sitemapLink","chromium-SCB-zh-hans-unregistered","2026-07-06","passed","2026-07-06","","cta/generated.cta.spec.js","",""
"","8050","GLOBAL | main page | footer | riskWarningBlock | riskDisclosureStatementLink","chromium-SCB-zh-hans-unregistered","2026-07-06","skipped","2026-07-06","","cta/generated.cta.spec.js","",""
"","7780","GLOBAL | main page | footer | socialMediaBar | youtubeIcon","chromium-SCB-zh-hans-unregistered","2026-07-06","skipped","2026-07-06","","cta/generated.cta.spec.js","",""
"","8624","GLOBAL | main page | footer | regionalSettingsModalWindow | langSwitcherBtn","chromium-SCB-zh-hans-unregistered","2026-07-06","passed","2026-07-06","","cta/generated.cta.spec.js","",""
"","8439","GLOBAL | main page | footer | riskWarningBlock | licenseText","chromium-SCB-zh-hans-unregistered","2026-07-06","passed","2026-07-06","","cta/generated.cta.spec.js","",""
"","8481","GLOBAL | main page | footer | riskWarningBlock | cookieSettingsLink","chromium-SCB-zh-hans-unregistered","2026-07-06","passed","2026-07-06","","cta/generated.cta.spec.js","",""
"","8719","GLOBAL | main page | footer | socialMediaBar | instagramIcon","chromium-SCB-zh-hans-unregistered","2026-07-06","passed","2026-07-06","","cta/generated.cta.spec.js","",""
"","8746","GLOBAL | main page | footer | socialMediaBar | exploreAppGalleryBtn","chromium-SCB-zh-hans-unregistered","2026-07-06","passed","2026-07-06","","cta/generated.cta.spec.js","",""
"","8267","GLOBAL | main page | footer | socialMediaBar | downloadAppStoreBtn","chromium-SCB-zh-hans-unregistered","2026-07-06","passed","2026-07-06","","cta/generated.cta.spec.js","",""
"","8957","GLOBAL | main page | footer | socialMediaBar | logo","chromium-SCB-zh-hans-unregistered","2026-07-06","passed","2026-07-06","","cta/generated.cta.spec.js","",""
